{
  "introduction": {
    "x": -44.94879913330078,
    "y": 53.7255973815918
  },
  "matter_energy_intro": {
    "x": 49.70160675048828,
    "y": 28.738901138305664
  },
  "conservation_mass_energy": {
    "x": 26.617290496826172,
    "y": 33.62556457519531
  },
  "mass_weight_gravity": {
    "x": 10.216171264648438,
    "y": 43.79330062866211
  },
  "intro_motion": {
    "x": 58.14032745361328,
    "y": -30.493408203125
  },
  "newtons_second_law": {
    "x": 25.88978385925293,
    "y": 46.256351470947266
  },
  "friction": {
    "x": 33.273841857910156,
    "y": 39.389320373535156
  },
  "units_conversions": {
    "x": 61.160865783691406,
    "y": -5.860381603240967
  },
  "greek": {
    "x": 48.29269790649414,
    "y": -8.926024436950684
  },
  "atomic_mass": {
    "x": 57.19814682006836,
    "y": 19.231491088867188
  },
  "chemical_reactions": {
    "x": 60.8016471862793,
    "y": 27.85843276977539
  },
  "buoyancy": {
    "x": 45.619754791259766,
    "y": 49.30870819091797
  },
  "heat": {
    "x": 36.462486267089844,
    "y": 34.03139114379883
  },
  "work_energy": {
    "x": 44.69480895996094,
    "y": 12.91224193572998
  },
  "simple_machines": {
    "x": 32.123374938964844,
    "y": 25.362329483032227
  },
  "basic_statistics": {
    "x": 27.24867820739746,
    "y": -19.064077377319336
  },
  "stat_spreadsheets": {
    "x": 2.150893449783325,
    "y": -17.036169052124023
  },
  "intro_python1": {
    "x": -18.365041732788086,
    "y": 56.06846237182617
  },
  "sets": {
    "x": -24.32525062561035,
    "y": 63.583526611328125
  },
  "proofs": {
    "x": -25.62047576904297,
    "y": 56.920528411865234
  },
  "dc1": {
    "x": 51.75495910644531,
    "y": -2.5145905017852783
  },
  "dc_circuits": {
    "x": 59.217689514160156,
    "y": 2.364473819732666
  },
  "fertilizer": {
    "x": 62.71562957763672,
    "y": 23.610637664794922
  },
  "concrete": {
    "x": 59.53382110595703,
    "y": 32.86082077026367
  },
  "metals": {
    "x": 61.772178649902344,
    "y": 14.067444801330566
  },
  "intro_python2": {
    "x": -27.460737228393555,
    "y": 30.966472625732422
  },
  "angles": {
    "x": -11.804412841796875,
    "y": 30.532651901245117
  },
  "triangles": {
    "x": -0.516792356967926,
    "y": 23.11689567565918
  },
  "pythagorean_theorem": {
    "x": -0.5667557716369629,
    "y": 5.881660461425781
  },
  "congruence": {
    "x": -24.531612396240234,
    "y": 0.29089945554733276
  },
  "parallel_perpendicular": {
    "x": -21.314653396606445,
    "y": 9.742897033691406
  },
  "circles": {
    "x": -19.677291870117188,
    "y": 48.001075744628906
  },
  "functions": {
    "x": -16.139436721801758,
    "y": -18.873998641967773
  },
  "transforms": {
    "x": -27.633493423461914,
    "y": -17.021839141845703
  },
  "trig_functions": {
    "x": 10.395997047424316,
    "y": 15.40014362335205
  },
  "trig_identities": {
    "x": 7.343301296234131,
    "y": 6.739999294281006
  },
  "volume_solids": {
    "x": -0.6371809840202332,
    "y": -39.03113555908203
  },
  "conic_sections": {
    "x": 7.506247520446777,
    "y": -4.513119697570801
  },
  "vectors": {
    "x": -26.557109832763672,
    "y": 17.515247344970703
  },
  "falling_bodies": {
    "x": 9.441427230834961,
    "y": 51.9919548034668
  },
  "kinematics": {
    "x": 8.04031753540039,
    "y": 63.516441345214844
  },
  "projectiles": {
    "x": -1.8406586647033691,
    "y": 46.52220916748047
  },
  "free_body_diagrams": {
    "x": 13.548698425292969,
    "y": 35.86949920654297
  },
  "inclines": {
    "x": 18.397232055664062,
    "y": 28.011343002319336
  },
  "momentum": {
    "x": 7.729141712188721,
    "y": 29.1961727142334
  },
  "boats": {
    "x": 36.939476013183594,
    "y": 53.9140625
  },
  "sailing": {
    "x": 30.092937469482422,
    "y": 60.526180267333984
  },
  "airplanes": {
    "x": 16.213735580444336,
    "y": 57.44633865356445
  },
  "pandas": {
    "x": -30.847257614135742,
    "y": 48.358123779296875
  },
  "quadcopters": {
    "x": -39.48313903808594,
    "y": 58.1291618347168
  },
  "helicopters": {
    "x": -58.15641784667969,
    "y": -33.52497100830078
  },
  "atmopressure": {
    "x": 44.270137786865234,
    "y": 38.30620193481445
  },
  "biases1": {
    "x": -60.689048767089844,
    "y": -30.75230598449707
  },
  "solving_quadratics": {
    "x": -24.438982009887695,
    "y": -26.627904891967773
  },
  "complex_numbers": {
    "x": -37.273372650146484,
    "y": -30.096525192260742
  },
  "sequences": {
    "x": 53.25197219848633,
    "y": -15.648187637329102
  },
  "exponents_review": {
    "x": -5.356266498565674,
    "y": -21.361225128173828
  },
  "compound_interest": {
    "x": 4.41208028793335,
    "y": -25.29910659790039
  },
  "logs": {
    "x": -12.012110710144043,
    "y": -8.09239673614502
  },
  "exponential_decay": {
    "x": -4.781224727630615,
    "y": -30.32279396057129
  },
  "inv_trig_functions": {
    "x": -11.612388610839844,
    "y": 7.202020168304443
  },
  "graphs": {
    "x": -41.078941345214844,
    "y": 29.906280517578125
  },
  "paradoxes": {
    "x": -31.561019897460938,
    "y": 56.10955810546875
  },
  "intro_dataviz": {
    "x": -20.242816925048828,
    "y": -9.388206481933594
  },
  "dot": {
    "x": -35.1356315612793,
    "y": 2.9226808547973633
  },
  "manufacturing": {
    "x": 67.33837127685547,
    "y": 9.634303092956543
  },
  "sound": {
    "x": 34.8634033203125,
    "y": 8.436498641967773
  },
  "num_methods_2": {
    "x": 62.83710479736328,
    "y": -28.399625778198242
  },
  "charge": {
    "x": 27.982017517089844,
    "y": 15.894657135009766
  },
  "ac": {
    "x": 41.655174255371094,
    "y": -0.8210641741752625
  },
  "induction": {
    "x": 53.630706787109375,
    "y": 6.285464286804199
  },
  "electric_motors_generators": {
    "x": 64.4200210571289,
    "y": 3.6098155975341797
  },
  "drag": {
    "x": 2.903491973876953,
    "y": 37.71427917480469
  },
  "parametric": {
    "x": -3.396061897277832,
    "y": -5.731194496154785
  },
  "vector_functions": {
    "x": -13.788130760192871,
    "y": -0.8297927379608154
  },
  "circular": {
    "x": -9.968674659729004,
    "y": 51.35805892944336
  },
  "emwaves": {
    "x": 31.104331970214844,
    "y": -0.8112936019897461
  },
  "reflection": {
    "x": 22.910490036010742,
    "y": 3.9838478565216064
  },
  "refraction": {
    "x": 36.766510009765625,
    "y": -5.818199157714844
  },
  "lens": {
    "x": 31.943288803100586,
    "y": -9.646138191223145
  },
  "oscillations": {
    "x": 20.135852813720703,
    "y": -6.381129741668701
  },
  "orbits": {
    "x": 0.18871521949768066,
    "y": 58.18698501586914
  },
  "polar_coord": {
    "x": -11.571818351745605,
    "y": 17.674175262451172
  },
  "circular_2": {
    "x": -25.819921493530273,
    "y": 42.82033157348633
  },
  "rocketry": {
    "x": 22.834997177124023,
    "y": 61.472354888916016
  },
  "vector_sim": {
    "x": -11.706595420837402,
    "y": 41.063533782958984
  },
  "long_lat_dist": {
    "x": -54.67402267456055,
    "y": 31.33851432800293
  },
  "tides": {
    "x": -8.060338020324707,
    "y": 64.32279968261719
  },
  "camera": {
    "x": 13.96650505065918,
    "y": -12.614047050476074
  },
  "eye": {
    "x": 25.825532913208008,
    "y": -8.730589866638184
  },
  "py_images": {
    "x": -12.947574615478516,
    "y": -27.33769416809082
  },
  "hexbinary": {
    "x": 11.451155662536621,
    "y": -21.45018768310547
  },
  "bitmap": {
    "x": -33.64726257324219,
    "y": -24.155292510986328
  },
  "polynomials_intro": {
    "x": -28.388023376464844,
    "y": -46.36705017089844
  },
  "pylists": {
    "x": -19.292985916137695,
    "y": -52.28902053833008
  },
  "add_subtract_polynomials": {
    "x": -13.349871635437012,
    "y": -49.285457611083984
  },
  "multiplying_polynomials": {
    "x": -47.67129135131836,
    "y": -44.60151290893555
  },
  "pymultpoly": {
    "x": -54.833518981933594,
    "y": -38.88066101074219
  },
  "differentiating_polynomials": {
    "x": 12.097437858581543,